label,Ne,VA,L,eps_star,gen_err
AML,1200,0.22,15,0.17665754891905064,0.333
GBM,1800,0.195,8,0.10986664553600274,0.25
SKCM,2750,0.162,10,0.09117039987363129,0.2
BRCA-TNBC,4100,0.141,9,0.06862791754166354,0.2
NSCLC-EGFR,5050,0.112,12,0.06279166665936481,0.083
NSCLC-ICB,5800,0.092,18,0.06330807616610602,0.1
CRC,7600,0.068,14,0.04366311037928974,0.125
PRAD-met,9800,0.047,11,0.02939715579891362,0.083
THCA,14200,0.019,4,0.010484971976202804,0.02
