L_multiplier,pearson_r
0.5,0.937419556697224
1.0,0.9394607028967296
2.0,0.9395406160305131
