predictor,pearson_r,pearson_p,loo_r_min,ols_r2
V_A (MATH-calibrated),0.871,5.452469491839485e-06,0.815,0.758
log10(N_e),-0.89,1.7545263219128688e-06,-0.911,0.792
1/N_e,0.906,5.575330568405364e-07,0.829,0.821
epsilon_star (PAC bound),0.881,3.071455321716453e-06,0.772,0.776
V_A + log10(N_e),,,,0.807
V_A + log10(N_e) + L,,,,0.82
