L_multiplier,pearson_r,p
0.5,0.8786651103076264,3.461998318593245e-06
1.0,0.8806829590817663,3.071455321716455e-06
2.0,0.8795372204497853,3.288309204773572e-06
